,symbol,price,timestamp,lag1,lag2,lag3,sma5,sma10,sma20,sma50,sma100,sma200
199,TCS.BO,4349.9375,2024-09-03 00:00:00.000000,4358.2763671875,4388.1611328125,4348.34619140625,4357.88076171875,4351.821875,4225.284411621094,4068.0371484375,3883.759860839844,3768.4711853027343
200,TCS.BO,4318.55712890625,2024-09-04 00:00:00.000000,4349.9375,4358.2763671875,4388.1611328125,4352.6556640625,4347.686083984375,4240.918713378906,4081.138984375,3888.9461279296875,3773.901220703125
201,TCS.BO,4319.232421875,2024-09-05 00:00:00.000000,4318.55712890625,4349.9375,4358.2763671875,4346.83291015625,4340.8076171875,4255.844445800782,4094.093701171875,3894.2045556640624,3779.40744140625
202,TCS.BO,4297.20361328125,2024-09-06 00:00:00.000000,4319.232421875,4318.55712890625,4349.9375,4328.64140625,4336.715185546875,4268.21787109375,4106.18849609375,3899.486667480469,3784.752668457031
203,TCS.BO,4292.86572265625,2024-09-09 00:00:00.000000,4297.20361328125,4319.232421875,4318.55712890625,4315.55927734375,4335.6546875,4281.815637207032,4117.870478515625,3904.387375488281,3790.2313732910156
204,TCS.BO,4344.82763671875,2024-09-10 00:00:00.000000,4292.86572265625,4297.20361328125,4319.232421875,4314.5373046875,4336.209033203125,4295.160375976562,4129.101865234375,3909.638212890625,3796.04365234375
205,TCS.BO,4323.95654296875,2024-09-11 00:00:00.000000,4344.82763671875,4292.86572265625,4297.20361328125,4315.6171875,4334.13642578125,4309.097973632813,4140.46501953125,3915.240368652344,3801.756827392578
206,TCS.BO,4354.75732421875,2024-09-12 00:00:00.000000,4323.95654296875,4344.82763671875,4292.86572265625,4322.72216796875,4334.7775390625,4324.628637695312,4151.127485351562,3921.8127294921874,3807.3012646484376
207,TCS.BO,4359.62548828125,2024-09-13 00:00:00.000000,4354.75732421875,4323.95654296875,4344.82763671875,4335.20654296875,4331.923974609375,4335.743994140625,4161.067846679687,3928.517800292969,3812.3988134765623
208,TCS.BO,4350.7080078125,2024-09-16 00:00:00.000000,4359.62548828125,4354.75732421875,4323.95654296875,4346.775,4331.167138671875,4340.39306640625,4171.8137890625,3935.4779272460937,3817.4295764160156
209,TCS.BO,4341.6943359375,2024-09-17 00:00:00.000000,4350.7080078125,4359.62548828125,4354.75732421875,4346.14833984375,4330.342822265625,4341.082348632813,4181.294541015625,3941.985068359375,3822.3357788085937
210,TCS.BO,4190.29248046875,2024-09-18 00:00:00.000000,4341.6943359375,4350.7080078125,4359.62548828125,4319.41552734375,4317.516357421875,4332.601220703125,4187.916538085938,3946.894638671875,3826.527938232422
211,TCS.BO,4142.3310546875,2024-09-19 00:00:00.000000,4190.29248046875,4341.6943359375,4350.7080078125,4276.9302734375,4299.826220703125,4320.316918945313,4194.28142578125,3951.734709472656,3830.386954345703
212,TCS.BO,4131.1962890625,2024-09-20 00:00:00.000000,4142.3310546875,4190.29248046875,4341.6943359375,4231.24443359375,4283.22548828125,4309.9703369140625,4200.12064453125,3956.266730957031,3834.2900805664062
213,TCS.BO,4114.08447265625,2024-09-23 00:00:00.000000,4131.1962890625,4142.3310546875,4190.29248046875,4183.9197265625,4265.34736328125,4300.501025390625,4207.191147460938,3961.0000317382815,3838.3528076171874
214,TCS.BO,4118.76025390625,2024-09-24 00:00:00.000000,4114.08447265625,4131.1962890625,4142.3310546875,4139.33291015625,4242.740625,4289.474829101562,4214.108940429687,3965.2286547851563,3842.3775659179687
215,TCS.BO,4122.18310546875,2024-09-25 00:00:00.000000,4118.76025390625,4114.08447265625,4131.1962890625,4125.71103515625,4222.56328125,4278.349853515625,4216.051494140625,3969.949841308594,3846.215810546875
216,TCS.BO,4136.9326171875,2024-09-26 00:00:00.000000,4122.18310546875,4118.76025390625,4114.08447265625,4124.63134765625,4200.780810546875,4267.7791748046875,4218.614116210938,3974.425595703125,3850.2218591308592
217,TCS.BO,4154.091796875,2024-09-27 00:00:00.000000,4136.9326171875,4122.18310546875,4118.76025390625,4129.21044921875,4180.22744140625,4256.075708007813,4221.3785400390625,3979.305925292969,3854.236358642578
218,TCS.BO,4114.904296875,2024-09-30 00:00:00.000000,4154.091796875,4136.9326171875,4122.18310546875,4129.3744140625,4156.6470703125,4243.9071044921875,4220.6863623046875,3983.0176025390624,3858.0546813964843
219,TCS.BO,4132.16064453125,2024-10-01 00:00:00.000000,4114.904296875,4154.091796875,4136.9326171875,4132.0544921875,4135.693701171875,4233.01826171875,4220.369194335937,3986.352316894531,3861.862607421875
220,TCS.BO,4080.19873046875,2024-10-03 00:00:00.000000,4132.16064453125,4114.904296875,4154.091796875,4123.6576171875,4124.684326171875,4221.100341796875,4219.331879882812,3989.22041015625,3865.060048828125
221,TCS.BO,4096.298828125,2024-10-04 00:00:00.000000,4080.19873046875,4132.16064453125,4114.904296875,4115.530859375,4120.081103515625,4209.953662109375,4218.302299804687,3992.370290527344,3868.274254150391
222,TCS.BO,4118.61572265625,2024-10-07 00:00:00.000000,4096.298828125,4080.19873046875,4132.16064453125,4108.43564453125,4118.823046875,4201.024267578125,4217.647709960937,3996.3563623046875,3871.5537341308595
223,TCS.BO,4098.419921875,2024-10-08 00:00:00.000000,4118.61572265625,4096.298828125,4080.19873046875,4105.13876953125,4117.256591796875,4191.301977539062,4216.267231445312,3999.653974609375,3874.6567993164062
224,TCS.BO,4099.3828125,2024-10-09 00:00:00.000000,4098.419921875,4118.61572265625,4096.298828125,4098.583203125,4115.31884765625,4179.029736328125,4213.651782226562,4003.389475097656,3877.622165527344
225,TCS.BO,4076.343017578125,2024-10-10 00:00:00.000000,4099.3828125,4098.419921875,4118.61572265625,4097.812060546875,4110.734838867187,4166.649060058594,4210.724951171875,4007.100827636719,3880.846162109375
226,TCS.BO,4001.340576171875,2024-10-11 00:00:00.000000,4076.343017578125,4099.3828125,4098.419921875,4078.82041015625,4097.175634765625,4148.97822265625,4206.605610351562,4009.6009692382813,3883.347336425781
227,TCS.BO,3987.891845703125,2024-10-14 00:00:00.000000,4001.340576171875,4076.343017578125,4099.3828125,4052.675634765625,4080.5556396484376,4130.391540527344,4201.823974609375,4012.6047802734374,3884.85767578125
228,TCS.BO,3969.430908203125,2024-10-15 00:00:00.000000,3987.891845703125,4001.340576171875,4076.343017578125,4026.87783203125,4066.00830078125,4111.327685546875,4196.4591064453125,4015.54228515625,3886.2854968261718
229,TCS.BO,3947.54736328125,2024-10-16 00:00:00.000000,3969.430908203125,3987.891845703125,4001.340576171875,3996.5107421875,4047.54697265625,4091.6203369140626,4192.830463867187,4018.16765625,3887.8230419921874
230,TCS.BO,3958.537353515625,2024-10-17 00:00:00.000000,3947.54736328125,3969.430908203125,3987.891845703125,3972.949609375,4035.3808349609376,4080.032580566406,4191.8837890625,4020.2897802734374,3889.567121582031
231,TCS.BO,3983.3251953125,2024-10-18 00:00:00.000000,3958.537353515625,3947.54736328125,3969.430908203125,3969.346533203125,4024.0834716796876,4072.0822875976564,4191.1359375,4023.0863452148437,3891.3916943359377
232,TCS.BO,3941.23876953125,2024-10-21 00:00:00.000000,3983.3251953125,3958.537353515625,3947.54736328125,3960.01591796875,4006.3457763671877,4062.5844116210938,4188.966010742188,4025.5024365234376,3892.8346752929688
233,TCS.BO,3880.839599609375,2024-10-22 00:00:00.000000,3941.23876953125,3983.3251953125,3958.537353515625,3942.29765625,3984.587744140625,4050.92216796875,4186.164594726562,4027.377536621094,3894.1222314453125
234,TCS.BO,3930.076904296875,2024-10-23 00:00:00.000000,3880.839599609375,3941.23876953125,3983.3251953125,3938.803564453125,3967.6571533203123,4041.488000488281,4183.207475585938,4030.077316894531,3895.578630371094
235,TCS.BO,3912.10205078125,2024-10-24 00:00:00.000000,3930.076904296875,3880.839599609375,3941.23876953125,3929.51650390625,3951.233056640625,4030.9839477539062,4180.545424804687,4033.2672412109373,3896.9917041015624
236,TCS.BO,3921.524169921875,2024-10-25 00:00:00.000000,3912.10205078125,3930.076904296875,3880.839599609375,3917.156298828125,3943.251416015625,4020.213525390625,4178.09302734375,4037.1890625,3898.481013183594
237,TCS.BO,3955.4931640625,2024-10-28 00:00:00.000000,3921.524169921875,3912.10205078125,3930.076904296875,3920.007177734375,3940.0115478515627,4010.28359375,4174.4565234375,4041.0865307617187,3900.0654479980467
238,TCS.BO,3940.127197265625,2024-10-29 00:00:00.000000,3955.4931640625,3921.524169921875,3912.10205078125,3931.864697265625,3937.0811767578125,4001.5447387695312,4168.104536132812,4044.7490673828124,3901.7036315917967
239,TCS.BO,3837.786376953125,2024-10-31 00:00:00.000000,3940.127197265625,3955.4931640625,3921.524169921875,3913.406591796875,3926.105078125,3986.826025390625,4158.30208984375,4047.0919604492187,3903.267917480469
240,TCS.BO,3851.460693359375,2024-11-01 00:00:00.000000,3837.786376953125,3940.127197265625,3955.4931640625,3901.2783203125,3915.397412109375,3975.389123535156,4148.133002929688,4048.7627197265624,3905.0177844238283
241,TCS.BO,3829.23388671875,2024-11-04 00:00:00.000000,3851.460693359375,3837.786376953125,3940.127197265625,3882.820263671875,3899.98828125,3962.0358764648436,4136.957338867188,4049.61296875,3906.318731689453
242,TCS.BO,3999.70556640625,2024-11-06 00:00:00.000000,3829.23388671875,3851.460693359375,3837.786376953125,3891.662744140625,3905.8349609375,3956.090368652344,4130.188891601562,4052.5199536132814,3908.7587377929685
243,TCS.BO,4009.94921875,2024-11-07 00:00:00.000000,3999.70556640625,3829.23388671875,3851.460693359375,3905.6271484375,3918.7459228515627,3951.6668334960937,4124.318461914063,4055.570256347656,3911.1905212402344
244,TCS.BO,4005.697021484375,2024-11-08 00:00:00.000000,4009.94921875,3999.70556640625,3829.23388671875,3939.20927734375,3926.3079345703127,3946.9825439453125,4117.64671875,4058.7670288085938,3913.4886083984375
245,TCS.BO,4054.06494140625,2024-11-11 00:00:00.000000,4005.697021484375,4009.94921875,3999.70556640625,3979.730126953125,3940.5042236328127,3945.8686401367186,4111.834365234375,4062.013708496094,3915.921114501953
246,TCS.BO,4054.93505859375,2024-11-12 00:00:00.000000,4054.06494140625,4005.697021484375,4009.94921875,4024.870361328125,3953.8453125,3948.5483642578124,4105.966142578125,4065.7071875,3917.6633044433593
247,TCS.BO,4009.611083984375,2024-11-13 00:00:00.000000,4054.93505859375,4054.06494140625,4005.697021484375,4026.85146484375,3959.2571044921874,3949.634326171875,4098.3951416015625,4069.1128564453124,3919.080047607422
248,TCS.BO,4006.80810546875,2024-11-14 00:00:00.000000,4009.611083984375,4054.93505859375,4054.06494140625,4026.2232421875,3965.9251953125,3951.5031860351564,4091.3657763671877,4072.6217797851564,3920.6804321289064
249,TCS.BO,3884.4150390625,2024-11-18 00:00:00.000000,4006.80810546875,4009.611083984375,4054.93505859375,4001.966845703125,3970.5880615234373,3948.346569824219,4082.0553271484373,4075.046237792969,3921.5583264160155
250,TCS.BO,3903.549560546875,2024-11-19 00:00:00.000000,3884.4150390625,4006.80810546875,4009.611083984375,3971.86376953125,3975.7969482421877,3945.5971801757814,4073.75517578125,4077.447080078125,3922.254503173828
251,TCS.BO,3940.22412109375,2024-11-21 00:00:00.000000,3903.549560546875,3884.4150390625,4006.80810546875,3948.92158203125,3986.8959716796876,3943.4421264648436,4066.175009765625,4080.13435546875,3923.5176708984377
252,TCS.BO,4103.06103515625,2024-11-22 00:00:00.000000,3940.22412109375,3903.549560546875,3884.4150390625,3967.611572265625,3997.2315185546877,3951.533239746094,4062.292158203125,4084.2403271484377,3925.66138671875
253,TCS.BO,4170.08056640625,2024-11-25 00:00:00.000000,4103.06103515625,3940.22412109375,3903.549560546875,4000.266064453125,4013.2446533203124,3965.9952880859373,4059.836455078125,4088.853466796875,3928.330218505859
254,TCS.BO,4205.595703125,2024-11-26 00:00:00.000000,4170.08056640625,4103.06103515625,3940.22412109375,4064.502197265625,4033.234521484375,3979.7712280273436,4057.05181640625,4093.0768408203126,3931.209329833984
255,TCS.BO,4186.509765625,2024-11-27 00:00:00.000000,4205.595703125,4170.08056640625,4103.06103515625,4121.09423828125,4046.47900390625,3993.4916137695313,4054.302880859375,4097.3839501953125,3934.003751220703
256,TCS.BO,4105.28369140625,2024-11-28 00:00:00.000000,4186.509765625,4205.595703125,4170.08056640625,4154.10615234375,4051.5138671875,4002.67958984375,4049.313408203125,4100.220446777344,3936.3173254394533
257,TCS.BO,4129.9267578125,2024-11-29 00:00:00.000000,4105.28369140625,4186.509765625,4205.595703125,4159.479296875,4063.5454345703124,4011.40126953125,4044.71943359375,4102.893640136719,3938.578897705078
258,TCS.BO,4129.34765625,2024-12-02 00:00:00.000000,4129.9267578125,4105.28369140625,4186.509765625,4151.33271484375,4075.7993896484377,4020.8622924804686,4040.2922265625,4106.0530078125,3940.28900390625
259,TCS.BO,4156.88916015625,2024-12-03 00:00:00.000000,4129.34765625,4129.9267578125,4105.28369140625,4141.59140625,4103.046801757812,4036.817431640625,4036.596123046875,4108.94533203125,3942.1062622070312
260,TCS.BO,4208.736328125,2024-12-04 00:00:00.000000,4156.88916015625,4129.34765625,4129.9267578125,4146.03671875,4133.565478515625,4054.6812133789062,4036.965,4112.440769042969,3943.4155212402343
261,TCS.BO,4309.3857421875,2024-12-05 00:00:00.000000,4208.736328125,4156.88916015625,4129.34765625,4186.85712890625,4170.481640625,4078.6888061523437,4040.30609375,4117.293759765625,3945.467939453125
262,TCS.BO,4297.064453125,2024-12-06 00:00:00.000000,4309.3857421875,4208.736328125,4156.88916015625,4220.28466796875,4189.881982421875,4093.556750488281,4043.62345703125,4121.87205078125,3947.2088171386717
263,TCS.BO,4302.427734375,2024-12-09 00:00:00.000000,4297.064453125,4309.3857421875,4208.736328125,4254.90068359375,4203.11669921875,4108.180676269531,4047.390322265625,4127.290734863282,3948.982716064453
264,TCS.BO,4283.00341796875,2024-12-10 00:00:00.000000,4302.427734375,4297.064453125,4309.3857421875,4280.12353515625,4210.857470703125,4122.04599609375,4050.675185546875,4132.392062988281,3950.7320642089844
265,TCS.BO,4278.7509765625,2024-12-11 00:00:00.000000,4283.00341796875,4302.427734375,4297.064453125,4294.12646484375,4220.081591796875,4133.280297851563,4053.80654296875,4134.929018554688,3952.3164453125
266,TCS.BO,4307.16357421875,2024-12-12 00:00:00.000000,4278.7509765625,4283.00341796875,4302.427734375,4293.68203125,4240.269580078125,4145.8917236328125,4057.211162109375,4137.912639160157,3954.2727685546874
267,TCS.BO,4323.25390625,2024-12-13 00:00:00.000000,4307.16357421875,4278.7509765625,4283.00341796875,4298.919921875,4259.602294921875,4161.573864746094,4060.594404296875,4140.986472167969,3956.3047729492187
268,TCS.BO,4267.49267578125,2024-12-16 00:00:00.000000,4323.25390625,4307.16357421875,4278.7509765625,4291.93291015625,4273.416796875,4174.608093261719,4063.646171875,4142.166267089844,3957.92810546875
269,TCS.BO,4179.06787109375,2024-12-17 00:00:00.000000,4267.49267578125,4323.25390625,4307.16357421875,4271.14580078125,4275.63466796875,4189.340734863281,4064.58431640625,4142.4767553710935,3959.2410864257813
270,TCS.BO,4202.06787109375,2024-12-18 00:00:00.000000,4179.06787109375,4267.49267578125,4323.25390625,4255.8091796875,4274.967822265625,4204.266650390625,4067.02169921875,4143.176789550781,3961.0111486816404
271,TCS.BO,4127.94580078125,2024-12-19 00:00:00.000000,4202.06787109375,4179.06787109375,4267.49267578125,4219.965625,4256.823828125,4213.652734375,4067.654638671875,4142.978469238281,3962.604676513672
272,TCS.BO,4027.972412109375,2024-12-20 00:00:00.000000,4127.94580078125,4202.06787109375,4179.06787109375,4160.909326171875,4229.914624023438,4209.898303222656,4065.8417724609376,4141.744741210938,3963.234512939453
273,TCS.BO,4017.100341796875,2024-12-23 00:00:00.000000,4027.972412109375,4127.94580078125,4202.06787109375,4110.830859375,4201.381884765625,4202.249291992188,4064.215380859375,4140.241306152344,3963.9747033691406
274,TCS.BO,4040.14892578125,2024-12-24 00:00:00.000000,4017.100341796875,4027.972412109375,4127.94580078125,4083.0470703125,4177.096435546875,4193.976953125,4063.030703125,4138.341242675781,3965.076251220703
275,TCS.BO,4028.50390625,2024-12-26 00:00:00.000000,4040.14892578125,4017.100341796875,4027.972412109375,4048.33427734375,4152.071728515625,4186.07666015625,4062.0739208984373,4136.399436035156,3965.630684814453
276,TCS.BO,4027.8759765625,2024-12-27 00:00:00.000000,4028.50390625,4040.14892578125,4017.100341796875,4028.3203125,4124.14296875,4182.206274414062,4062.60462890625,4134.605119628906,3966.117047119141
277,TCS.BO,4019.178466796875,2024-12-30 00:00:00.000000,4027.8759765625,4028.50390625,4040.14892578125,4026.5615234375,4093.7354248046877,4176.668859863281,4063.230361328125,4132.52716796875,3966.6756994628904
278,TCS.BO,3959.503662109375,2024-12-31 00:00:00.000000,4019.178466796875,4027.8759765625,4028.50390625,4015.0421875,4062.9365234375,4168.17666015625,4063.03181640625,4129.745461425781,3966.9161657714844
279,TCS.BO,3974.578857421875,2025-01-01 00:00:00.000000,3959.503662109375,4019.178466796875,4027.8759765625,4001.928173828125,4042.4876220703127,4159.061145019531,4063.5724462890626,4128.201455078125,3967.3021875
280,TCS.BO,4043.6279296875,2025-01-02 00:00:00.000000,3974.578857421875,3959.503662109375,4019.178466796875,4004.952978515625,4026.6436279296877,4150.805725097656,4065.2742578125,4128.5790234375,3968.3688525390626
281,TCS.BO,3961.484619140625,2025-01-03 00:00:00.000000,4043.6279296875,3974.578857421875,3959.503662109375,3991.67470703125,4009.997509765625,4133.410668945313,4064.8374462890624,4127.986691894531,3968.767227783203
282,TCS.BO,3957.087646484375,2025-01-06 00:00:00.000000,3961.484619140625,4043.6279296875,3974.578857421875,3979.25654296875,4002.909033203125,4116.411828613282,4065.154423828125,4127.060217285156,3968.929724121094
283,TCS.BO,3892.822265625,2025-01-07 00:00:00.000000,3957.087646484375,3961.484619140625,4043.6279296875,3965.920263671875,3990.4812255859374,4095.9315551757813,4065.3940771484376,4125.7793359375,3968.7164709472654
284,TCS.BO,3969.457275390625,2025-01-08 00:00:00.000000,3892.822265625,3957.087646484375,3961.484619140625,3964.895947265625,3983.412060546875,4080.254248046875,4066.1816845703124,4124.694580078125,3968.5529040527344
285,TCS.BO,3900.98828125,2025-01-09 00:00:00.000000,3969.457275390625,3892.822265625,3957.087646484375,3936.368017578125,3970.660498046875,4061.36611328125,4065.9594091796876,4123.252416992187,3968.25205078125
286,TCS.BO,4122.1953125,2025-01-10 00:00:00.000000,3900.98828125,3969.457275390625,3892.822265625,3968.51015625,3980.092431640625,4052.1177001953124,4069.97283203125,4124.0329296875,3968.776740722656
287,TCS.BO,4147.56298828125,2025-01-13 00:00:00.000000,4122.1953125,3900.98828125,3969.457275390625,4006.605224609375,3992.9308837890626,4043.333154296875,4073.814228515625,4124.1353759765625,3969.3788549804685
288,TCS.BO,4091.46435546875,2025-01-14 00:00:00.000000,4147.56298828125,4122.1953125,3900.98828125,4046.333642578125,4006.126953125,4034.53173828125,4076.8409716796873,4122.47275390625,3970.0478076171876
289,TCS.BO,4105.7666015625,2025-01-15 00:00:00.000000,4091.46435546875,4147.56298828125,4122.1953125,4073.5955078125,4019.2457275390625,4030.8666748046876,4082.200576171875,4120.251333007813,3971.586535644531
290,TCS.BO,4066.676513671875,2025-01-16 00:00:00.000000,4105.7666015625,4091.46435546875,4147.56298828125,4106.733154296875,4021.5505859375,4024.0971069335938,4086.504892578125,4117.318947753906,3972.963713378906
291,TCS.BO,4060.3779296875,2025-01-17 00:00:00.000000,4066.676513671875,4105.7666015625,4091.46435546875,4094.369677734375,4031.4399169921876,4020.718713378906,4091.1277734375,4114.042556152343,3974.29220703125
292,TCS.BO,4012.399658203125,2025-01-20 00:00:00.000000,4060.3779296875,4066.676513671875,4105.7666015625,4067.33701171875,4036.9711181640623,4019.940075683594,4091.3816552734374,4110.7852734375,3975.671806640625
293,TCS.BO,3970.47412109375,2025-01-21 00:00:00.000000,4012.399658203125,4060.3779296875,4066.676513671875,4043.13896484375,4044.7363037109376,4017.6087646484375,4090.5921533203127,4107.455307617188,3977.013654785156
294,TCS.BO,4088.2294921875,2025-01-22 00:00:00.000000,3970.47412109375,4012.399658203125,4060.3779296875,4039.63154296875,4056.613525390625,4020.01279296875,4092.242802734375,4104.944760742187,3979.1333447265624
295,TCS.BO,4080.061279296875,2025-01-23 00:00:00.000000,4088.2294921875,3970.47412109375,4012.399658203125,4042.30849609375,4074.5208251953127,4022.5906616210937,4092.7627294921876,4102.298547363282,3980.992333984375
296,TCS.BO,4085.572265625,2025-01-24 00:00:00.000000,4080.061279296875,4088.2294921875,3970.47412109375,4047.34736328125,4070.8585205078125,4025.475476074219,4093.3754736328124,4099.6708081054685,3982.7275329589843
297,TCS.BO,4001.81982421875,2025-01-27 00:00:00.000000,4085.572265625,4080.061279296875,4088.2294921875,4045.231396484375,4056.2842041015624,4024.6075439453125,4093.2196484375,4095.807395019531,3984.1998510742187
298,TCS.BO,3972.541015625,2025-01-28 00:00:00.000000,4001.81982421875,4085.572265625,4080.061279296875,4045.644775390625,4044.3918701171874,4025.259411621094,4092.534306640625,4091.950041503906,3985.2171142578127
299,TCS.BO,4031.492431640625,2025-01-29 00:00:00.000000,3972.541015625,4001.81982421875,4085.572265625,4034.29736328125,4036.964453125,4028.105090332031,4095.4758544921874,4088.7655908203124,3986.262725830078
300,TCS.BO,4037.49609375,2025-01-30 00:00:00.000000,4031.492431640625,3972.541015625,4001.81982421875,4025.784326171875,4034.0464111328124,4027.7984985351563,4098.15478515625,4085.95498046875,3987.450554199219
301,TCS.BO,4043.942138671875,2025-01-31 00:00:00.000000,4037.49609375,4031.492431640625,3972.541015625,4017.45830078125,4032.40283203125,4031.9213745117186,4100.229145507812,4083.202077636719,3988.7033166503907
302,TCS.BO,4009.250244140625,2025-02-01 00:00:00.000000,4043.942138671875,4037.49609375,4031.492431640625,4018.944384765625,4032.087890625,4034.529504394531,4098.3529296875,4080.3225439453126,3989.9046057128908
303,TCS.BO,4002.902587890625,2025-02-03 00:00:00.000000,4009.250244140625,4043.942138671875,4037.49609375,4025.01669921875,4035.3307373046873,4040.0335205078127,4095.0093701171877,4077.4229125976562,3990.905144042969
304,TCS.BO,4048.567626953125,2025-02-04 00:00:00.000000,4002.902587890625,4009.250244140625,4043.942138671875,4028.43173828125,4031.36455078125,4043.9890380859374,4091.86880859375,4074.4603125,3992.0492626953123
305,TCS.BO,4025.981201171875,2025-02-05 00:00:00.000000,4048.567626953125,4002.902587890625,4009.250244140625,4026.128759765625,4025.95654296875,4050.2386840820313,4088.6582373046876,4071.480559082031,3993.3604638671877
306,TCS.BO,4018.058349609375,2025-02-06 00:00:00.000000,4025.981201171875,4048.567626953125,4002.902587890625,4020.952001953125,4019.2051513671877,4045.0318359375,4086.91373046875,4068.1135693359374,3994.9631494140626
307,TCS.BO,3965.55322265625,2025-02-07 00:00:00.000000,4018.058349609375,4025.981201171875,4048.567626953125,4012.21259765625,4015.5784912109375,4035.93134765625,4083.626259765625,4064.1728466796876,3996.345323486328
308,TCS.BO,3971.60595703125,2025-02-10 00:00:00.000000,3965.55322265625,4018.058349609375,4025.981201171875,4005.953271484375,4015.4849853515625,4029.938427734375,4080.47142578125,4060.381826171875,3997.9298767089845
309,TCS.BO,3901.631591796875,2025-02-11 00:00:00.000000,3971.60595703125,3965.55322265625,4018.058349609375,3976.566064453125,4002.4989013671875,4019.7316772460936,4075.3662744140624,4055.981198730469,3998.9831335449217
310,TCS.BO,3887.656494140625,2025-02-12 00:00:00.000000,3901.631591796875,3971.60595703125,3965.55322265625,3948.901123046875,3987.51494140625,4010.7806762695313,4068.944677734375,4052.9548388671874,3999.9247387695314
311,TCS.BO,3847.207275390625,2025-02-13 00:00:00.000000,3887.656494140625,3901.631591796875,3971.60595703125,3914.730908203125,3967.841455078125,4000.1221435546877,4059.7011083984376,4050.0036010742188,4000.8691552734376
312,TCS.BO,3870.482666015625,2025-02-14 00:00:00.000000,3847.207275390625,3887.656494140625,3901.631591796875,3895.716796875,3953.964697265625,3993.0262939453123,4051.16947265625,4047.39646484375,4001.8315979003905
313,TCS.BO,3841.597412109375,2025-02-17 00:00:00.000000,3870.482666015625,3847.207275390625,3887.656494140625,3869.715087890625,3937.8341796875,3986.5824584960938,4041.9528662109374,4044.671594238281,4002.8358129882813
314,TCS.BO,3808.184814453125,2025-02-18 00:00:00.000000,3841.597412109375,3870.482666015625,3847.207275390625,3851.025732421875,3913.7958984375,3972.580224609375,4032.456494140625,4041.56583984375,4003.397247314453
315,TCS.BO,3721.479736328125,2025-02-19 00:00:00.000000,3808.184814453125,3841.597412109375,3870.482666015625,3817.790380859375,3883.345751953125,3954.6511474609374,4021.3110693359376,4037.5588061523435,4003.754323730469
316,TCS.BO,3718.133544921875,2025-02-20 00:00:00.000000,3721.479736328125,3808.184814453125,3841.597412109375,3791.975634765625,3853.353271484375,3936.2792114257813,4009.53046875,4033.3708154296874,4003.8982055664064
317,TCS.BO,3725.81005859375,2025-02-21 00:00:00.000000,3718.133544921875,3721.479736328125,3808.184814453125,3763.04111328125,3829.378955078125,3922.478723144531,3997.581591796875,4029.087998046875,4004.196961669922
318,TCS.BO,3616.715087890625,2025-02-24 00:00:00.000000,3725.81005859375,3718.133544921875,3721.479736328125,3718.0646484375,3793.8898681640626,3904.6874267578123,3984.5660400390625,4024.106105957031,4003.561854248047
319,TCS.BO,3573.60888671875,2025-02-25 00:00:00.000000,3616.715087890625,3725.81005859375,3718.133544921875,3671.149462890625,3761.08759765625,3881.793249511719,3972.4568603515627,4018.5205883789063,4002.436452636719
320,TCS.BO,3555.15576171875,2025-02-27 00:00:00.000000,3573.60888671875,3616.715087890625,3725.81005859375,3637.88466796875,3727.8375244140625,3857.676232910156,3959.5186181640624,4013.2701586914063,4001.2452844238283
321,TCS.BO,3428.7392578125,2025-02-28 00:00:00.000000,3555.15576171875,3573.60888671875,3616.715087890625,3580.005810546875,3685.99072265625,3826.9160888671877,3945.5344873046874,4006.5945629882813,3999.4824267578124
322,TCS.BO,3441.189208984375,2025-03-03 00:00:00.000000,3428.7392578125,3555.15576171875,3573.60888671875,3523.081640625,3643.061376953125,3798.513037109375,3933.7988232421876,3999.8202978515624,3998.088330078125
323,TCS.BO,3476.71728515625,2025-03-04 00:00:00.000000,3441.189208984375,3428.7392578125,3555.15576171875,3495.082080078125,3606.5733642578125,3772.2037719726563,3922.991162109375,3993.603271484375,3996.628623046875
324,TCS.BO,3493.153076171875,2025-03-05 00:00:00.000000,3476.71728515625,3441.189208984375,3428.7392578125,3478.99091796875,3575.0701904296875,3744.4330444335938,3912.0512451171876,3987.5409741210938,3995.465224609375
325,TCS.BO,3542.7060546875,2025-03-06 00:00:00.000000,3493.153076171875,3476.71728515625,3441.189208984375,3476.5009765625,3557.192822265625,3720.269287109375,3902.3352880859375,3982.2046044921876,3994.652716064453
326,TCS.BO,3554.122314453125,2025-03-07 00:00:00.000000,3542.7060546875,3493.153076171875,3476.71728515625,3501.577587890625,3540.79169921875,3697.0724853515626,3892.86021484375,3977.732421875,3993.6666955566407
327,TCS.BO,3531.28955078125,2025-03-10 00:00:00.000000,3554.122314453125,3542.7060546875,3493.153076171875,3519.59765625,3521.3396484375,3675.3593017578123,3883.1024365234375,3973.1663989257813,3992.8855895996094
328,TCS.BO,3518.29833984375,2025-03-11 00:00:00.000000,3531.28955078125,3554.122314453125,3542.7060546875,3527.9138671875,3511.4979736328123,3652.6939208984377,3874.278330078125,3968.6550732421874,3992.0986791992186
329,TCS.BO,3448.127685546875,2025-03-12 00:00:00.000000,3518.29833984375,3531.28955078125,3554.122314453125,3518.9087890625,3498.949853515625,3630.0187255859373,3863.749306640625,3963.6608764648436,3990.914266357422
330,TCS.BO,3456.73876953125,2025-03-13 00:00:00.000000,3448.127685546875,3518.29833984375,3531.28955078125,3501.71533203125,3489.108154296875,3608.4728393554688,3852.0115234375,3958.642890625,3989.4663354492186
331,TCS.BO,3441.8779296875,2025-03-17 00:00:00.000000,3456.73876953125,3448.127685546875,3518.29833984375,3479.266455078125,3490.422021484375,3588.2063720703127,3841.6193896484374,3953.22841796875,3988.157381591797
332,TCS.BO,3496.400634765625,2025-03-18 00:00:00.000000,3441.8779296875,3456.73876953125,3448.127685546875,3472.288671875,3495.9431640625,3569.5022705078127,3832.4056494140623,3948.7800366210936,3987.141236572266
333,TCS.BO,3441.779541015625,2025-03-19 00:00:00.000000,3496.400634765625,3441.8779296875,3456.73876953125,3456.984912109375,3492.4493896484373,3549.511376953125,3823.384794921875,3944.3894360351565,3985.883486328125
334,TCS.BO,3506.390380859375,2025-03-20 00:00:00.000000,3441.779541015625,3496.400634765625,3441.8779296875,3468.637451171875,3493.7731201171873,3534.4216552734374,3814.12345703125,3940.152570800781,3985.1149438476564
335,TCS.BO,3522.727294921875,2025-03-21 00:00:00.000000,3506.390380859375,3441.779541015625,3496.400634765625,3481.83515625,3491.775244140625,3524.484033203125,3806.5582373046873,3936.2588232421876,3984.7630322265627
336,TCS.BO,3574.051513671875,2025-03-24 00:00:00.000000,3522.727294921875,3506.390380859375,3441.779541015625,3508.269873046875,3493.7681640625,3517.279931640625,3795.595361328125,3932.7840966796875,3984.9865795898436
337,TCS.BO,3599.78759765625,2025-03-25 00:00:00.000000,3574.051513671875,3522.727294921875,3506.390380859375,3528.947265625,3500.61796875,3510.97880859375,3784.639853515625,3929.227041015625,3985.156785888672
338,TCS.BO,3577.939208984375,2025-03-26 00:00:00.000000,3599.78759765625,3574.051513671875,3522.727294921875,3556.17919921875,3506.5820556640624,3509.0400146484376,3774.3693505859374,3925.6051611328126,3985.1771142578127
339,TCS.BO,3593.833251953125,2025-03-27 00:00:00.000000,3577.939208984375,3599.78759765625,3574.051513671875,3573.6677734375,3521.1526123046874,3510.051232910156,3764.13068359375,3923.1656298828125,3985.1287951660156
340,TCS.BO,3547.380859375,2025-03-28 00:00:00.000000,3593.833251953125,3577.939208984375,3599.78759765625,3578.598486328125,3530.2168212890624,3509.662487792969,3753.7447705078125,3920.124831542969,3984.4437756347656
341,TCS.BO,3494.137451171875,2025-04-01 00:00:00.000000,3547.380859375,3593.833251953125,3577.939208984375,3562.615673828125,3535.4427734375,3512.9323974609374,3742.4199609375,3916.7738671875,3983.19341796875
342,TCS.BO,3488.871826171875,2025-04-02 00:00:00.000000,3494.137451171875,3547.380859375,3593.833251953125,3540.43251953125,3534.689892578125,3515.3165283203125,3731.949404296875,3911.665529785156,3982.0927416992185
343,TCS.BO,3350.006103515625,2025-04-03 00:00:00.000000,3488.871826171875,3494.137451171875,3547.380859375,3494.8458984375,3525.512548828125,3508.9809692382814,3719.5400439453124,3905.0660986328126,3980.3181774902346
344,TCS.BO,3247.20947265625,2025-04-04 00:00:00.000000,3350.006103515625,3488.871826171875,3494.137451171875,3425.521142578125,3499.5944580078126,3496.6837890625,3702.7196435546875,3897.481223144531,3978.1241259765625
345,TCS.BO,3224.7216796875,2025-04-07 00:00:00.000000,3247.20947265625,3350.006103515625,3488.871826171875,3360.989306640625,3469.793896484375,3480.7845703125,3685.6128515625,3889.1877905273436,3975.6007495117187
346,TCS.BO,3241.4033203125,2025-04-08 00:00:00.000000,3224.7216796875,3247.20947265625,3350.006103515625,3310.44248046875,3436.5290771484374,3465.1486206054688,3668.72947265625,3881.052473144531,3973.3798303222657
347,TCS.BO,3194.704345703125,2025-04-09 00:00:00.000000,3241.4033203125,3224.7216796875,3247.20947265625,3251.608984375,3396.020751953125,3448.3193603515624,3652.5871630859374,3872.9034057617187,3971.0081311035156
348,TCS.BO,3181.123046875,2025-04-11 00:00:00.000000,3194.704345703125,3241.4033203125,3224.7216796875,3217.832373046875,3356.3391357421874,3431.460595703125,3636.7588037109376,3864.646555175781,3968.634167480469
349,TCS.BO,3196.27880859375,2025-04-15 00:00:00.000000,3181.123046875,3194.704345703125,3241.4033203125,3207.646240234375,3316.58369140625,3418.8681518554686,3620.05453125,3857.765192871094,3966.4057153320314
350,TCS.BO,3220.932373046875,2025-04-16 00:00:00.000000,3196.27880859375,3181.123046875,3194.704345703125,3206.88837890625,3283.9388427734375,3407.07783203125,3603.7232568359377,3850.939020996094,3964.1930505371092
351,TCS.BO,3246.717529296875,2025-04-17 00:00:00.000000,3220.932373046875,3196.27880859375,3181.123046875,3207.951220703125,3259.1968505859377,3397.3198120117186,3587.7787646484376,3844.003955078125,3962.0691552734374
352,TCS.BO,3269.00927734375,2025-04-21 00:00:00.000000,3246.717529296875,3220.932373046875,3196.27880859375,3222.81220703125,3237.210595703125,3385.950244140625,3572.9739453125,3835.6634375,3959.951882324219
353,TCS.BO,3265.515380859375,2025-04-22 00:00:00.000000,3269.00927734375,3246.717529296875,3220.932373046875,3239.690673828125,3228.7615234375,3377.1370361328127,3558.226201171875,3826.617785644531,3957.735626220703
354,TCS.BO,3358.273193359375,2025-04-23 00:00:00.000000,3265.515380859375,3269.00927734375,3246.717529296875,3272.08955078125,3239.8678955078126,3369.7311767578126,3544.4203125,3818.144560546875,3955.6107006835937
355,TCS.BO,3347.39794921875,2025-04-24 00:00:00.000000,3358.273193359375,3265.515380859375,3269.00927734375,3297.382666015625,3252.1355224609374,3360.964709472656,3530.8486474609376,3809.7534423828124,3953.5686962890627
356,TCS.BO,3392.768310546875,2025-04-25 00:00:00.000000,3347.39794921875,3358.273193359375,3265.515380859375,3326.592822265625,3267.272021484375,3351.9005493164063,3518.3428466796877,3802.628288574219,3951.4243676757815
357,TCS.BO,3389.0283203125,2025-04-28 00:00:00.000000,3392.768310546875,3347.39794921875,3358.273193359375,3350.596630859375,3286.7044189453127,3341.362585449219,3506.8123486328127,3795.2193041992186,3949.056472167969
358,TCS.BO,3416.535400390625,2025-04-29 00:00:00.000000,3389.0283203125,3392.768310546875,3347.39794921875,3380.800634765625,3310.245654296875,3333.2923950195313,3495.7109375,3788.091181640625,3947.0720947265627
359,TCS.BO,3375.348388671875,2025-04-30 00:00:00.000000,3416.535400390625,3389.0283203125,3392.768310546875,3384.215673828125,3328.1526123046874,3322.3681518554686,3485.1852734375,3780.2757739257813,3944.6105529785154
360,TCS.BO,3389.2744140625,2025-05-02 00:00:00.000000,3375.348388671875,3416.535400390625,3389.0283203125,3392.590966796875,3344.98681640625,3314.4628295898438,3475.2176318359375,3772.0811547851563,3942.2609619140626
361,TCS.BO,3400.4443359375,2025-05-05 00:00:00.000000,3389.2744140625,3375.348388671875,3416.535400390625,3394.126171875,3360.3594970703125,3309.778173828125,3466.282373046875,3762.9917407226562,3940.1427502441406
362,TCS.BO,3404.184326171875,2025-05-06 00:00:00.000000,3400.4443359375,3389.2744140625,3375.348388671875,3397.157373046875,3373.877001953125,3305.543798828125,3456.95640625,3754.062939453125,3937.9674951171874
363,TCS.BO,3390.652099609375,2025-05-07 00:00:00.000000,3404.184326171875,3400.4443359375,3389.2744140625,3391.980712890625,3386.390673828125,3307.5760986328123,3447.9375,3744.945183105469,3936.117958984375
364,TCS.BO,3392.8662109375,2025-05-08 00:00:00.000000,3390.652099609375,3404.184326171875,3400.4443359375,3395.48427734375,3389.8499755859375,3314.858935546875,3439.6311279296874,3736.043811035156,3934.2179370117187
365,TCS.BO,3387.699462890625,2025-05-09 00:00:00.000000,3392.8662109375,3390.652099609375,3404.184326171875,3395.169287109375,3393.880126953125,3323.0078247070314,3432.9555224609376,3727.1332958984376,3931.0311572265623
366,TCS.BO,3562.97998046875,2025-05-12 00:00:00.000000,3387.699462890625,3392.8662109375,3390.652099609375,3427.676416015625,3410.9012939453123,3339.0866577148436,3429.852451171875,3719.6914599609377,3928.802049560547
367,TCS.BO,3460.281982421875,2025-05-13 00:00:00.000000,3562.97998046875,3387.699462890625,3392.8662109375,3438.895947265625,3418.02666015625,3352.3655395507812,3424.5418896484375,3711.0617407226564,3926.0241064453126
368,TCS.BO,3492.85791015625,2025-05-14 00:00:00.000000,3460.281982421875,3562.97998046875,3387.699462890625,3459.337109375,3425.6589111328126,3367.952282714844,3422.06474609375,3703.315393066406,3922.740830078125
369,TCS.BO,3524.055908203125,2025-05-15 00:00:00.000000,3492.85791015625,3460.281982421875,3562.97998046875,3485.575048828125,3440.5296630859375,3384.3411376953127,3421.0736865234376,3696.7652734375,3919.621014404297
370,TCS.BO,3506.537841796875,2025-05-16 00:00:00.000000,3524.055908203125,3492.85791015625,3460.281982421875,3509.342724609375,3452.256005859375,3398.6214111328127,3420.101328125,3689.8099731445313,3916.4933813476564
371,TCS.BO,3463.48046875,2025-05-19 00:00:00.000000,3506.537841796875,3524.055908203125,3492.85791015625,3489.442822265625,3458.559619140625,3409.4595581054687,3420.79615234375,3683.165319824219,3913.07189453125
372,TCS.BO,3442.66552734375,2025-05-20 00:00:00.000000,3463.48046875,3506.537841796875,3524.055908203125,3485.91953125,3462.4077392578124,3418.142370605469,3420.8256787109376,3677.3122509765626,3909.52849609375
373,TCS.BO,3469.13916015625,2025-05-21 00:00:00.000000,3442.66552734375,3463.48046875,3506.537841796875,3481.17578125,3470.2564453125,3428.3235595703127,3420.6741162109374,3671.8326391601563,3906.03697265625
374,TCS.BO,3423.9169921875,2025-05-22 00:00:00.000000,3469.13916015625,3442.66552734375,3463.48046875,3461.147998046875,3473.3615234375,3431.605749511719,3419.28939453125,3665.670319824219,3902.00578125
375,TCS.BO,3458.363037109375,2025-05-23 00:00:00.000000,3423.9169921875,3469.13916015625,3442.66552734375,3451.513037109375,3480.427880859375,3437.15400390625,3417.6025341796876,3659.9689111328125,3898.1841735839844
376,TCS.BO,3482.031982421875,2025-05-26 00:00:00.000000,3458.363037109375,3423.9169921875,3469.13916015625,3455.22333984375,3472.3330810546877,3441.6171875,3416.1607275390625,3654.5104711914064,3894.5577954101564
377,TCS.BO,3443.501953125,2025-05-27 00:00:00.000000,3482.031982421875,3458.363037109375,3423.9169921875,3455.390625,3470.655078125,3444.340869140625,3414.4049755859373,3648.7537060546874,3890.640437011719
378,TCS.BO,3442.763671875,2025-05-28 00:00:00.000000,3443.501953125,3482.031982421875,3458.363037109375,3450.11552734375,3465.645654296875,3445.6522827148438,3412.8942822265626,3643.5863061523437,3886.6658837890627
379,TCS.BO,3441.82861328125,2025-05-29 00:00:00.000000,3442.763671875,3443.501953125,3482.031982421875,3453.6978515625,3457.4229248046877,3448.9762939453126,3412.76830078125,3638.2588037109376,3883.230129394531
380,TCS.BO,3409.646484375,2025-05-30 00:00:00.000000,3441.82861328125,3442.763671875,3443.501953125,3443.954541015625,3447.7337890625,3449.9948974609374,3411.826455078125,3631.9189892578124,3880.249006347656
381,TCS.BO,3395.179443359375,2025-06-02 00:00:00.000000,3409.646484375,3441.82861328125,3442.763671875,3426.584033203125,3440.9036865234375,3449.731652832031,3410.8924853515623,3626.2559375,3877.1213146972655
382,TCS.BO,3351.1376953125,2025-06-03 00:00:00.000000,3395.179443359375,3409.646484375,3441.82861328125,3408.111181640625,3431.7509033203123,3447.0793212890626,3407.9872265625,3620.196437988281,3873.628327636719
383,TCS.BO,3356.598876953125,2025-06-04 00:00:00.000000,3351.1376953125,3395.179443359375,3409.646484375,3390.87822265625,3420.496875,3445.37666015625,3406.28361328125,3614.8342041015626,3870.306770019531
384,TCS.BO,3348.059814453125,2025-06-05 00:00:00.000000,3356.598876953125,3351.1376953125,3395.179443359375,3372.124462890625,3412.9111572265624,3443.136340332031,3403.117001953125,3608.6202294921877,3866.6574047851564
385,TCS.BO,3361.71240234375,2025-06-06 00:00:00.000000,3348.059814453125,3356.598876953125,3351.1376953125,3362.537646484375,3403.24609375,3441.8369873046877,3399.8967041015626,3603.227470703125,3863.2399438476564
386,TCS.BO,3399.443115234375,2025-06-09 00:00:00.000000,3361.71240234375,3348.059814453125,3356.598876953125,3363.390380859375,3394.98720703125,3433.6601440429686,3396.4045361328126,3595.9999487304685,3860.0164392089846
387,TCS.BO,3438.961181640625,2025-06-10 00:00:00.000000,3399.443115234375,3361.71240234375,3348.059814453125,3380.955078125,3394.5331298828123,3432.594104003906,3393.1880078125,3588.9139306640627,3856.5246533203126
388,TCS.BO,3447.5498046875,2025-06-11 00:00:00.000000,3438.961181640625,3399.443115234375,3361.71240234375,3399.145263671875,3395.0117431640624,3430.3286987304687,3390.5802197265625,3582.47478515625,3852.47376953125
389,TCS.BO,3409.620361328125,2025-06-12 00:00:00.000000,3447.5498046875,3438.961181640625,3399.443115234375,3411.457373046875,3391.79091796875,3424.6069213867186,3386.8959619140624,3575.5133227539063,3847.8823278808595
390,TCS.BO,3422.677490234375,2025-06-13 00:00:00.000000,3409.620361328125,3447.5498046875,3438.961181640625,3423.650390625,3393.0940185546874,3420.4139038085937,3384.40189453125,3569.073332519531,3843.196140136719
391,TCS.BO,3470.585693359375,2025-06-16 00:00:00.000000,3422.677490234375,3409.620361328125,3447.5498046875,3437.87890625,3400.6346435546875,3420.7691650390625,3383.930859375,3563.17541015625,3838.6089831542968
392,TCS.BO,3490.344482421875,2025-06-17 00:00:00.000000,3470.585693359375,3422.677490234375,3409.620361328125,3448.15556640625,3414.555322265625,3423.153112792969,3383.9603125,3557.9548583984374,3834.3700659179685
393,TCS.BO,3427.7412109375,2025-06-18 00:00:00.000000,3490.344482421875,3470.585693359375,3422.677490234375,3444.19384765625,3421.6695556640625,3421.083215332031,3385.5150146484375,3552.527529296875,3829.991418457031
394,TCS.BO,3399.9892578125,2025-06-19 00:00:00.000000,3427.7412109375,3490.344482421875,3470.585693359375,3442.267626953125,3426.8625,3419.886828613281,3388.5706103515627,3545.645126953125,3825.294943847656
395,TCS.BO,3410.017822265625,2025-06-20 00:00:00.000000,3399.9892578125,3427.7412109375,3490.344482421875,3439.735693359375,3431.6930419921873,3417.4695678710937,3392.276533203125,3538.9446923828127,3820.6216198730467
396,TCS.BO,3369.357666015625,2025-06-23 00:00:00.000000,3410.017822265625,3399.9892578125,3427.7412109375,3419.490087890625,3428.6844970703123,3411.8358520507813,3394.8356201171873,3531.782546386719,3815.726677246094
397,TCS.BO,3366.180419921875,2025-06-24 00:00:00.000000,3369.357666015625,3410.017822265625,3399.9892578125,3394.657275390625,3421.4064208984373,3407.969775390625,3398.2651416015624,3525.42615234375,3810.6167736816406
398,TCS.BO,3421.237548828125,2025-06-25 00:00:00.000000,3366.180419921875,3369.357666015625,3410.017822265625,3393.35654296875,3418.7751953125,3406.8934692382813,3403.067431640625,3519.9131176757815,3805.9315795898438
399,TCS.BO,3417.265869140625,2025-06-26 00:00:00.000000,3421.237548828125,3366.180419921875,3369.357666015625,3396.811865234375,3419.53974609375,3405.66533203125,3407.4871728515627,3513.7708520507813,3801.268221435547
400,TCS.BO,3418.75537109375,2025-06-27 00:00:00.000000,3417.265869140625,3421.237548828125,3366.180419921875,3398.559375,3419.1475341796877,3406.1207763671873,3411.4436328125,3507.5834448242185,3796.7692126464844
401,TCS.BO,3436.528564453125,2025-06-30 00:00:00.000000,3418.75537109375,3417.265869140625,3421.237548828125,3411.9935546875,3415.7418212890625,3408.188232421875,3415.239853515625,3501.5093090820315,3792.355693359375
402,TCS.BO,3405.15234375,2025-07-01 00:00:00.000000,3436.528564453125,3418.75537109375,3417.265869140625,3419.787939453125,3407.222607421875,3410.88896484375,3417.96271484375,3495.468330078125,3787.895437011719
403,TCS.BO,3399.095703125,2025-07-02 00:00:00.000000,3405.15234375,3436.528564453125,3418.75537109375,3415.3595703125,3404.358056640625,3413.013806152344,3420.6343212890624,3489.4302612304687,3783.4265869140627
404,TCS.BO,3376.65576171875,2025-07-03 00:00:00.000000,3399.095703125,3405.15234375,3436.528564453125,3407.237548828125,3402.02470703125,3414.443603515625,3421.00197265625,3482.711142578125,3778.5857275390626
405,TCS.BO,3396.71240234375,2025-07-04 00:00:00.000000,3376.65576171875,3399.095703125,3405.15234375,3402.828955078125,3400.6941650390627,3416.193603515625,3421.98826171875,3476.418454589844,3773.9495068359374
406,TCS.BO,3387.7763671875,2025-07-07 00:00:00.000000,3396.71240234375,3376.65576171875,3399.095703125,3393.078515625,3402.53603515625,3415.6102661132813,3421.8884228515626,3470.115634765625,3769.1146020507813
407,TCS.BO,3382.21630859375,2025-07-08 00:00:00.000000,3387.7763671875,3396.71240234375,3376.65576171875,3388.49130859375,3404.1396240234376,3412.7730224609377,3421.7521826171874,3464.282265625,3764.227556152344
408,TCS.BO,3360.371826171875,2025-07-09 00:00:00.000000,3382.21630859375,3387.7763671875,3396.71240234375,3380.746533203125,3398.0530517578127,3408.4141235351562,3420.6289111328124,3458.169924316406,3759.2758752441405
409,TCS.BO,3358.336669921875,2025-07-10 00:00:00.000000,3360.371826171875,3382.21630859375,3387.7763671875,3377.08271484375,3392.1601318359376,3405.8499389648437,3420.2886767578125,3452.7369750976563,3754.3590869140626
410,TCS.BO,3242.2646484375,2025-07-11 00:00:00.000000,3358.336669921875,3360.371826171875,3382.21630859375,3346.1931640625,3374.5110595703127,3396.829296875,3417.3484814453127,3446.283056640625,3749.6189477539065
411,TCS.BO,3200.36376953125,2025-07-14 00:00:00.000000,3242.2646484375,3358.336669921875,3360.371826171875,3308.71064453125,3350.894580078125,3383.3182006835937,3413.3468701171873,3439.814621582031,3744.909111328125
412,TCS.BO,3229.754150390625,2025-07-15 00:00:00.000000,3200.36376953125,3242.2646484375,3358.336669921875,3278.218212890625,3333.3547607421874,3370.288684082031,3409.8582666015627,3433.407336425781,3740.4019006347658
413,TCS.BO,3220.438720703125,2025-07-16 00:00:00.000000,3229.754150390625,3200.36376953125,3242.2646484375,3250.231591796875,3315.4890625,3359.9235595703126,3406.4539990234375,3427.1957495117185,3735.933671875
414,TCS.BO,3196.577880859375,2025-07-17 00:00:00.000000,3220.438720703125,3229.754150390625,3200.36376953125,3217.879833984375,3297.4812744140627,3349.7529907226562,3402.528232421875,3421.079680175781,3731.3227600097657
415,TCS.BO,3177.997314453125,2025-07-18 00:00:00.000000,3196.577880859375,3220.438720703125,3229.754150390625,3205.0263671875,3275.609765625,3338.151965332031,3398.334189453125,3415.6448559570313,3726.6018310546874
416,TCS.BO,3146.663818359375,2025-07-21 00:00:00.000000,3177.997314453125,3196.577880859375,3220.438720703125,3194.286376953125,3251.4985107421876,3327.0172729492188,3390.0078662109377,3409.930158691406,3721.6504870605468
417,TCS.BO,3148.009033203125,2025-07-22 00:00:00.000000,3146.663818359375,3177.997314453125,3196.577880859375,3177.937353515625,3228.077783203125,3316.1087036132812,3383.7624072265626,3404.1521484375,3716.6200732421876
418,TCS.BO,3167.5361328125,2025-07-23 00:00:00.000000,3148.009033203125,3146.663818359375,3177.997314453125,3167.3568359375,3208.7942138671874,3303.4236328125,3377.2559716796877,3399.6603588867188,3711.883232421875
419,TCS.BO,3138.444580078125,2025-07-24 00:00:00.000000,3167.5361328125,3148.009033203125,3146.663818359375,3155.73017578125,3186.8050048828127,3289.482568359375,3369.5437451171874,3395.3087158203125,3706.914652099609
420,TCS.BO,3122.703369140625,2025-07-25 00:00:00.000000,3138.444580078125,3167.5361328125,3148.009033203125,3144.67138671875,3174.848876953125,3274.679968261719,3361.8670556640627,3390.9841918945312,3702.127175292969
421,TCS.BO,3067.60888671875,2025-07-28 00:00:00.000000,3122.703369140625,3138.444580078125,3167.5361328125,3128.860400390625,3161.573388671875,3256.233984375,3353.9496240234375,3387.3728881835937,3696.9837255859375
422,TCS.BO,3045.1923828125,2025-07-29 00:00:00.000000,3067.60888671875,3122.703369140625,3138.444580078125,3108.2970703125,3143.1172119140624,3238.235986328125,3346.0001611328125,3383.412919921875,3691.616608886719
423,TCS.BO,3042.20361328125,2025-07-30 00:00:00.000000,3045.1923828125,3067.60888671875,3122.703369140625,3083.23056640625,3125.293701171875,3220.3913818359374,3337.4614501953124,3379.067783203125,3686.33552734375
424,TCS.BO,3026.06396484375,2025-07-31 00:00:00.000000,3042.20361328125,3045.1923828125,3067.60888671875,3060.754443359375,3108.2423095703125,3202.8617919921876,3329.5043896484376,3374.3968920898437,3680.9689331054688
425,TCS.BO,2991.941162109375,2025-08-01 00:00:00.000000,3026.06396484375,3042.20361328125,3045.1923828125,3034.602001953125,3089.6366943359376,3182.6232299804688,3320.1759521484373,3368.8892431640625,3675.546923828125
426,TCS.BO,3063.47412109375,2025-08-04 00:00:00.000000,2991.941162109375,3026.06396484375,3042.20361328125,3033.775048828125,3081.317724609375,3166.4081176757813,3311.804794921875,3363.982761230469,3670.8575915527344
427,TCS.BO,3050.771484375,2025-08-05 00:00:00.000000,3063.47412109375,2991.941162109375,3026.06396484375,3034.890869140625,3071.5939697265626,3149.8358764648438,3303.950185546875,3359.177580566406,3666.171989746094
428,TCS.BO,3020.335205078125,2025-08-06 00:00:00.000000,3050.771484375,3063.47412109375,2991.941162109375,3030.5171875,3056.873876953125,3132.8340454101562,3295.5016162109373,3354.19794921875,3661.426511230469
429,TCS.BO,3035.8271484375,2025-08-07 00:00:00.000000,3020.335205078125,3050.771484375,3063.47412109375,3032.46982421875,3046.6121337890627,3116.7085693359377,3287.3815869140626,3350.0749438476564,3656.86791015625
430,TCS.BO,3023.224365234375,2025-08-08 00:00:00.000000,3035.8271484375,3020.335205078125,3050.771484375,3038.72646484375,3036.6642333984373,3105.756555175781,3279.65314453125,3345.7397998046877,3652.1913452148438
431,TCS.BO,3029.052734375,2025-08-11 00:00:00.000000,3023.224365234375,3035.8271484375,3020.335205078125,3031.8421875,3032.8086181640624,3097.1910034179687,3272.3306103515624,3341.6115478515626,3647.4199829101562
432,TCS.BO,3024.220703125,2025-08-12 00:00:00.000000,3029.052734375,3023.224365234375,3035.8271484375,3026.53203125,3030.7114501953124,3086.9143310546874,3265.7922705078126,3336.8897485351563,3642.834892578125
433,TCS.BO,3024.3203125,2025-08-13 00:00:00.000000,3024.220703125,3029.052734375,3023.224365234375,3027.329052734375,3028.9231201171874,3077.1084106445314,3259.14669921875,3332.71515625,3638.552296142578
434,TCS.BO,3010.671142578125,2025-08-14 00:00:00.000000,3024.3203125,3024.220703125,3029.052734375,3022.2978515625,3027.383837890625,3067.8130737304687,3252.39892578125,3327.7579638671873,3633.9552673339845
435,TCS.BO,3000.758056640625,2025-08-18 00:00:00.000000,3010.671142578125,3024.3203125,3024.220703125,3017.80458984375,3028.26552734375,3058.9511108398438,3245.1798388671873,3322.538271484375,3629.398547363281
436,TCS.BO,3004.9423828125,2025-08-19 00:00:00.000000,3000.758056640625,3010.671142578125,3024.3203125,3012.98251953125,3022.412353515625,3051.8650390625,3237.28982421875,3316.8471801757814,3624.8156384277345
437,TCS.BO,3085.890625,2025-08-20 00:00:00.000000,3004.9423828125,3000.758056640625,3010.671142578125,3025.31650390625,3025.924267578125,3048.7591186523437,3230.2284130859375,3311.7082104492188,3620.4676257324218
438,TCS.BO,3089.676513671875,2025-08-21 00:00:00.000000,3085.890625,3004.9423828125,3000.758056640625,3038.387744140625,3032.8583984375,3044.8661376953123,3223.070947265625,3306.8255834960937,3616.215372314453
439,TCS.BO,3042.30322265625,2025-08-22 00:00:00.000000,3089.676513671875,3085.890625,3004.9423828125,3044.71416015625,3033.506005859375,3040.0590698242186,3215.7246044921876,3301.310283203125,3612.2379565429687
440,TCS.BO,3129.07958984375,2025-08-25 00:00:00.000000,3042.30322265625,3089.676513671875,3085.890625,3070.378466796875,3044.0915283203126,3040.377880859375,3209.852646484375,3297.1272705078127,3608.6260510253906
441,TCS.BO,3144.52197265625,2025-08-26 00:00:00.000000,3129.07958984375,3042.30322265625,3089.676513671875,3098.294384765625,3055.6384521484374,3044.22353515625,3203.3313720703127,3293.6311157226564,3605.202491455078
442,TCS.BO,3085.143310546875,2025-08-28 00:00:00.000000,3144.52197265625,3129.07958984375,3042.30322265625,3098.144921875,3061.730712890625,3046.221081542969,3195.2273486328127,3289.5938305664063,3600.6296801757812
443,TCS.BO,3072.93896484375,2025-08-29 00:00:00.000000,3085.143310546875,3144.52197265625,3129.07958984375,3094.797412109375,3066.592578125,3047.757849121094,3188.1313037109376,3286.8231591796875,3595.94462890625
444,TCS.BO,3100.635498046875,2025-09-01 00:00:00.000000,3072.93896484375,3085.143310546875,3144.52197265625,3106.4638671875,3075.589013671875,3051.48642578125,3182.144228515625,3285.357419433594,3591.4193212890623
445,TCS.BO,3100.585693359375,2025-09-02 00:00:00.000000,3100.635498046875,3072.93896484375,3085.143310546875,3100.765087890625,3085.57177734375,3056.91865234375,3175.9555859375,3284.1160595703127,3586.651925048828
446,TCS.BO,3086.6875,2025-09-03 00:00:00.000000,3100.585693359375,3100.635498046875,3072.93896484375,3089.198193359375,3093.7462890625,3058.0793212890626,3170.3021826171876,3282.5689013671877,3581.810687255859
447,TCS.BO,3084.246826171875,2025-09-04 00:00:00.000000,3086.6875,3100.585693359375,3100.635498046875,3089.018896484375,3093.5819091796875,3059.7530883789063,3164.6635107421876,3281.464326171875,3577.183865966797
448,TCS.BO,3037.12255859375,2025-09-05 00:00:00.000000,3084.246826171875,3086.6875,3100.585693359375,3081.855615234375,3088.326513671875,3060.5924560546873,3156.9812109375,3280.0243212890623,3572.335438232422
449,TCS.BO,3008.080810546875,2025-09-08 00:00:00.000000,3037.12255859375,3084.246826171875,3086.6875,3063.344677734375,3084.9042724609376,3059.2051391601562,3148.797509765625,3278.1423413085936,3567.953767089844
450,TCS.BO,3038.11865234375,2025-09-09 00:00:00.000000,3008.080810546875,3037.12255859375,3084.246826171875,3050.85126953125,3075.8081787109377,3059.949853515625,3141.184775390625,3276.3142041015626,3563.6266125488282
451,TCS.BO,3098.59326171875,2025-09-10 00:00:00.000000,3038.11865234375,3008.080810546875,3037.12255859375,3053.232421875,3071.2153076171876,3063.4268798828125,3134.4260693359374,3274.8329614257814,3559.4184582519533
452,TCS.BO,3112.342041015625,2025-09-11 00:00:00.000000,3098.59326171875,3038.11865234375,3008.080810546875,3058.85146484375,3073.9351806640625,3067.8329467773438,3128.56986328125,3273.2662890625,3554.46486328125
453,TCS.BO,3122.404541015625,2025-09-12 00:00:00.000000,3112.342041015625,3098.59326171875,3038.11865234375,3075.907861328125,3078.88173828125,3072.737158203125,3123.0360400390623,3271.8351806640626,3549.226483154297
454,TCS.BO,3099.938232421875,2025-09-15 00:00:00.000000,3122.404541015625,3112.342041015625,3098.59326171875,3094.279345703125,3078.81201171875,3077.2005126953127,3117.501689453125,3269.2518310546875,3543.6981958007814
455,TCS.BO,3133.761962890625,2025-09-16 00:00:00.000000,3099.938232421875,3122.404541015625,3112.342041015625,3113.4080078125,3082.129638671875,3083.8507080078125,3112.2426806640624,3267.1154711914064,3538.4344567871094
456,TCS.BO,3161.010498046875,2025-09-17 00:00:00.000000,3133.761962890625,3099.938232421875,3122.404541015625,3125.891455078125,3089.5619384765623,3091.6541137695312,3107.70736328125,3264.7978930664062,3533.7130908203126
457,TCS.BO,3164.44775390625,2025-09-18 00:00:00.000000,3161.010498046875,3133.761962890625,3099.938232421875,3136.31259765625,3097.58203125,3095.5819702148438,3103.3519921875,3262.5520874023437,3528.8856958007814
458,TCS.BO,3158.071533203125,2025-09-19 00:00:00.000000,3164.44775390625,3161.010498046875,3133.761962890625,3143.44599609375,3109.6769287109373,3099.0017211914064,3099.305986328125,3259.9674487304687,3524.0293151855467
459,TCS.BO,3062.62744140625,2025-09-22 00:00:00.000000,3158.071533203125,3164.44775390625,3161.010498046875,3135.983837890625,3115.131591796875,3100.017932128906,3093.3918017578126,3256.8402392578123,3518.558006591797
460,TCS.BO,3050.970947265625,2025-09-23 00:00:00.000000,3062.62744140625,3158.071533203125,3164.44775390625,3119.425634765625,3116.4168212890627,3096.1125,3089.565927734375,3253.457204589844,3512.7691796875
461,TCS.BO,3024.8681640625,2025-09-24 00:00:00.000000,3050.970947265625,3062.62744140625,3158.071533203125,3092.19716796875,3109.0443115234375,3090.1298095703123,3086.056015625,3249.7014428710936,3506.346591796875
462,TCS.BO,2949.35009765625,2025-09-25 00:00:00.000000,3024.8681640625,3050.970947265625,3062.62744140625,3049.17763671875,3092.7451171875,3083.3401489257812,3080.4479345703126,3245.1531005859374,3499.608020019531
463,TCS.BO,2889.323974609375,2025-09-26 00:00:00.000000,2949.35009765625,3024.8681640625,3050.970947265625,2995.428125,3069.437060546875,3074.1593994140626,3073.8256396484376,3240.1398193359373,3492.5425012207033
464,TCS.BO,2885.637451171875,2025-09-29 00:00:00.000000,2889.323974609375,2949.35009765625,3024.8681640625,2960.030126953125,3048.006982421875,3063.4094970703127,3067.6068310546875,3235.067531738281,3485.5556713867186
465,TCS.BO,2878.26513671875,2025-09-30 00:00:00.000000,2885.637451171875,2889.323974609375,2949.35009765625,2925.48896484375,3022.4572998046874,3052.2934692382814,3061.6121875,3229.9731884765624,3478.5532421875
466,TCS.BO,2903.271728515625,2025-10-01 00:00:00.000000,2878.26513671875,2885.637451171875,2889.323974609375,2901.169677734375,2996.6834228515627,3043.1226806640625,3056.744345703125,3223.376105957031,3471.5337829589844
467,TCS.BO,2891.365966796875,2025-10-03 00:00:00.000000,2903.271728515625,2878.26513671875,2885.637451171875,2889.5728515625,2969.375244140625,3033.4786376953125,3051.611484375,3217.6869458007814,3464.374343261719
468,TCS.BO,2976.947021484375,2025-10-06 00:00:00.000000,2891.365966796875,2903.271728515625,2878.26513671875,2907.0974609375,2951.26279296875,3030.469860839844,3047.7997021484375,3212.5278369140624,3457.9216149902345
469,TCS.BO,2962.7998046875,2025-10-07 00:00:00.000000,2976.947021484375,2891.365966796875,2903.271728515625,2922.529931640625,2941.280029296875,3028.205810546875,3044.286806640625,3206.9152758789064,3451.8402746582033
470,TCS.BO,3015.602783203125,2025-10-08 00:00:00.000000,2962.7998046875,2976.947021484375,2891.365966796875,2949.9974609375,2937.743212890625,3027.0800170898438,3042.144794921875,3202.0059252929686,3445.90794921875
471,TCS.BO,3050.572265625,2025-10-09 00:00:00.000000,3015.602783203125,2962.7998046875,2976.947021484375,2979.457568359375,2940.313623046875,3024.6789672851564,3041.8040625,3197.876843261719,3440.5210815429687
472,TCS.BO,3017.14697265625,2025-10-10 00:00:00.000000,3050.572265625,3015.602783203125,2962.7998046875,3004.61376953125,2947.093310546875,3019.9192138671874,3041.243154296875,3193.621657714844,3435.466954345703
473,TCS.BO,2995.975830078125,2025-10-13 00:00:00.000000,3017.14697265625,3050.572265625,3015.602783203125,3008.41953125,2957.75849609375,3013.5977783203125,3040.3185986328126,3188.8900244140623,3430.3613317871095
474,TCS.BO,2949.300048828125,2025-10-14 00:00:00.000000,2995.975830078125,3017.14697265625,3050.572265625,3005.719580078125,2964.124755859375,3006.065869140625,3038.7833203125,3184.143854980469,3424.9070874023437
475,TCS.BO,2969.0,2025-10-15 00:00:00.000000,2949.300048828125,2995.975830078125,3017.14697265625,2996.3990234375,2973.1982421875,2997.827770996094,3038.3244970703126,3179.250224609375,3419.6095678710935
476,TCS.BO,2970.85009765625,2025-10-16 00:00:00.000000,2969.0,2949.300048828125,2995.975830078125,2980.45458984375,2979.9560791015624,2988.3197509765623,3036.4720166015627,3174.138405761719,3414.3244384765626
477,TCS.BO,2962.60009765625,2025-10-17 00:00:00.000000,2970.85009765625,2969.0,2949.300048828125,2969.54521484375,2987.0794921875,2978.2273681640627,3034.7085888671877,3169.3293872070312,3409.0415466308596
478,TCS.BO,3014.25,2025-10-20 00:00:00.000000,2962.60009765625,2970.85009765625,2969.0,2973.200048828125,2990.8097900390626,2971.0362915039063,3034.586884765625,3165.0442504882812,3404.3152783203127
479,TCS.BO,3007.25,2025-10-21 00:00:00.000000,3014.25,2962.60009765625,2970.85009765625,2984.7900390625,2995.2548095703123,2968.2674194335937,3034.015341796875,3160.698464355469,3399.478634033203
480,TCS.BO,3074.64990234375,2025-10-23 00:00:00.000000,3007.25,3014.25,2962.60009765625,3005.92001953125,3001.159521484375,2969.4513671875,3035.0438525390623,3157.348498535156,3394.6337438964842
481,TCS.BO,3062.449951171875,2025-10-24 00:00:00.000000,3074.64990234375,3007.25,3014.25,3024.239990234375,3002.3472900390625,2971.330456542969,3035.711796875,3154.021203613281,3390.138570556641
482,TCS.BO,3084.550048828125,2025-10-27 00:00:00.000000,3062.449951171875,3074.64990234375,3007.25,3048.62998046875,3009.08759765625,2978.0904541015625,3036.9183837890623,3151.3553271484375,3385.7758825683595
483,TCS.BO,3056.85009765625,2025-10-28 00:00:00.000000,3084.550048828125,3062.449951171875,3074.64990234375,3057.15,3015.1750244140626,2986.466760253906,3037.5689794921873,3148.357839355469,3381.5960217285156
484,TCS.BO,3056.85,2025-10-28 14:31:31.469873,3056.85009765625,3084.550048828125,3062.449951171875,3067.07,3025.93001953125,2995.0273876953124,3038.492556640625,3145.4457412109373,3377.0329853515623
485,TCS.BO,3056.85,2025-10-28 14:32:01.726611,3056.85,3056.85009765625,3084.550048828125,3063.5100195312502,3034.71501953125,3003.956630859375,3039.614395507813,3142.3971171875,3372.8122939453124
486,TCS.BO,3056.85,2025-10-28 14:32:33.625744,3056.85,3056.85,3056.85009765625,3062.3900292968747,3043.315009765625,3011.635544433594,3040.6525478515623,3138.9711860351563,3367.485567382813
487,TCS.BO,3056.85,2025-10-28 14:33:05.591767,3056.85,3056.85,3056.85,3056.85001953125,3052.7400000000002,3019.90974609375,3040.0717353515624,3135.1500742187504,3362.0320024414063
488,TCS.BO,3057.35009765625,2025-10-29 00:00:00.000000,3056.85,3056.85,3056.85,3056.95001953125,3057.050009765625,3023.929899902344,3039.42520703125,3131.248077148438,3356.861431152344
489,TCS.BO,3035.550048828125,2025-10-30 00:00:00.000000,3057.35009765625,3056.85,3056.85,3052.690029296875,3059.8800146484377,3027.5674121093753,3039.2901435546873,3127.507374023438,3351.510348388672
490,TCS.BO,3061.9,2025-10-31 07:23:09.529385,3035.550048828125,3057.35009765625,3056.85,3053.700029296875,3058.6050244140624,3029.882272949219,3037.9465517578124,3123.8995991210936,3346.486465820313
491,TCS.BO,3062.0,2025-10-31 07:23:39.729192,3061.9,3035.550048828125,3057.35009765625,3054.730029296875,3058.5600292968747,3030.453659667969,3036.296112304687,3119.8137421875,3341.4945761718755
492,TCS.BO,3062.0,2025-10-31 07:24:10.200095,3062.0,3061.9,3035.550048828125,3055.760029296875,3056.3050244140622,3032.696311035156,3035.83324609375,3115.530297363281,3336.7425778808597
493,TCS.BO,3061.75,2025-10-31 07:24:40.526633,3062.0,3062.0,3061.9,3056.640009765625,3056.7950146484372,3035.98501953125,3035.6094667968746,3111.870385253906,3332.198957275391
494,TCS.BO,3061.0,2025-10-31 07:30:30.821739,3061.75,3062.0,3062.0,3061.73,3057.2100146484377,3041.570017089844,3034.816756835937,3108.480492675781,3327.0628098144534
495,TCS.BO,3061.0,2025-10-31 07:31:01.021622,3061.0,3061.75,3062.0,3061.55,3057.625014648437,3046.170017089844,3034.02504296875,3104.990314453125,3321.967503417969
496,TCS.BO,3061.0,2025-10-31 07:31:31.216511,3061.0,3061.0,3061.75,3061.35,3058.0400146484376,3050.677512207031,3033.51129296875,3101.9067377929687,3316.844642089844
497,TCS.BO,3061.0,2025-10-31 07:32:01.541270,3061.0,3061.0,3061.0,3061.15,3058.4550146484376,3055.597507324219,3033.046356445312,3098.85493359375,3312.14054296875
498,TCS.BO,3049.95,2025-10-31 08:18:48.893600,3061.0,3061.0,3061.0,3058.79,3057.7150048828125,3057.3825073242188,3033.3029052734373,3095.1420581054685,3307.527587890625
499,TCS.BO,3048.8,2025-10-31 08:19:01.322038,3049.95,3061.0,3061.0,3056.35,3059.04,3059.460007324219,3034.1172890625,3091.4573994140624,3302.614125732422
500,TCS.BO,3045.0,2025-10-31 08:22:04.358708,3048.8,3049.95,3061.0,3053.15,3057.35,3057.9775122070314,3034.254916015625,3087.719845703125,3297.651645263672
501,TCS.BO,3044.15,2025-10-31 08:22:12.428249,3045.0,3048.8,3049.95,3049.78,3055.565,3057.062514648437,3033.1660507812503,3083.796060058594,3292.6526845703124
502,TCS.BO,3046.45,2025-10-31 08:27:34.897311,3044.15,3045.0,3048.8,3046.87,3054.0099999999998,3055.1575122070312,3031.8482099609373,3080.209036621094,3287.8386833496097
